ID_voluntario,nombre_vol,apellido_vol,sexo_voluntario,fecha_nacimiento,direccion_voluntario,correo_electronico_voluntario,telefono_voluntario,n_identificacion_vol
1,Alejandro,García,H,1995-03-02,"Calle Gran Vía, 23",alejandro.garcia@dominio.com,6377262938,8116
2,Sofía,Martínez,M,1993-11-22,"Paseo de la Castellana, 44",sofia.martinez@dominio.com,8928615218,3264
3,Juan,López,H,1995-12-09,"Avenida de la Constitución, 38",juan.lopez@dominio.com,8301389195,3012
4,María,Sánchez,M,1995-01-08,"Calle Mayor, 90",maria.sanchez@dominio.com,8598614526,7957
5,Carlos,González,H,1991-12-01,"Plaza de España, 39",carlos.gonzalez@dominio.com,9437006990,6799
6,Laura,Rodríguez,M,1989-04-13,"Calle Serrano, 36",laura.rodriguez@dominio.com,8637920139,9256
7,Daniel,Fernández,H,1992-07-05,"Avenida del Paralelo, 32",daniel.fernandez@dominio.com,6760596432,1815
8,Paula,Pérez,M,1992-10-15,"Calle de Alcalá, 96",paula.perez@dominio.com,6226819599,8461
9,Pedro,Martín,H,1988-10-23,"Paseo del Prado, 81",pedro.martin@dominio.com,6420733778,5105
10,Ana,Gómez,M,1995-11-22,"Calle del Carmen, 35",ana.gomez@dominio.com,6183993393,3805
11,Miguel,Ruiz,H,1987-02-16,"Avenida Diagonal, 72",miguel.ruiz@dominio.com,6152148438,9930
12,Lucía,Hernández,M,1984-09-15,"Calle de la Princesa, 27",lucia.hernandez@dominio.com,7776516237,8327
13,Fernando,Díaz,H,1989-06-04,"Paseo de Gracia, 31",fernando.diaz@dominio.com,6062961219,1103
14,Elena,Moreno,M,1980-11-02,"Calle de Preciados, 87",elena.moreno@dominio.com,6503706449,5363
15,Pablo,Álvarez,H,1991-12-01,"Gran Vía de Colón, 6",pablo.alvarez@dominio.com,6486396212,1073
16,Carmen,Romero,M,1991-05-20,"Calle de la Estación, 50",carmen.romero@dominio.com,8283501331,4995
17,Javier,Muñoz,H,1985-09-13,"Avenida de la Libertad, 11",javier.munoz@dominio.com,6690559991,2839
18,Clara,Ortega,M,1995-09-28,"Calle del Pilar, 36",clara.ortega@dominio.com,9959225788,9614
19,Adrián,Jiménez,H,1980-10-11,"Paseo Marítimo, 90",adrian.jimenez@dominio.com,8022354270,9139
20,Luisa,Navarro,M,1982-05-16,"Calle Real, 20",luisa.navarro@dominio.com,9508782163,3794
21,Diego,Serrano,H,1986-06-10,"Calle Antonio Vega, 41",diego.serrano@dominio.com,6822035039,7623
22,Isabel,Ramírez,M,1993-06-26,"Calle de la Pasión, 92",isabel.ramirez@dominio.com,9474874212,9181
23,Jorge,Torres,H,1994-02-19,"Calle Velarde, 79",jorge.torres@dominio.com,7268765040,8741
24,Raquel,Delgado,M,1984-12-26,"Calle Noviciado, 32",raquel.delgado@dominio.com,9284570778,5972
25,José,Castro,H,1988-10-28,"Calle San Bernardo, 29",jose.castro@dominio.com,8114334405,7613
